SET foreign_key_checks = 0;

TRUNCATE TABLE mota;
INSERT INTO `mota` (`id`) VALUES
  (1),
  (2),
  (3),
  (4),
  (5),
  (6),
  (7),
  (8),
  (9),
  (10),
  (11),
  (12);

TRUNCATE TABLE mota_translation;
INSERT INTO `mota_translation` (`id`, `izena`, `lang`) VALUES
  (1, 'Electricidad', 'es'),
  (1, 'Elektrizitatea', 'eu'),
  (2, 'Pintura', 'es'),
  (2, 'Margolaria', 'eu'),
  (3, 'Carpinteria', 'es'),
  (3, 'Arotza-herramintaria', 'eu'),
  (4, 'Agua', 'es'),
  (4, 'Ura', 'eu'),
  (5, 'Limpieza', 'es'),
  (5, 'Garbiketa', 'eu'),
  (6, 'Jardineria y Montes', 'es'),
  (6, 'Lore eta mendizaintza', 'eu'),
  (7, 'Recogida de basuras', 'es'),
  (7, 'Zabor bilketa', 'eu'),
  (8, 'Sanidad y animales', 'es'),
  (8, 'Osasuna eta animaliak', 'eu'),
  (9, 'Albañilería', 'es'),
  (9, 'Igeltseritza', 'eu'),
  (10, 'Montajes y transportes', 'es'),
  (10, 'Muntaiak eta garraioak', 'eu'),
  (11, 'Gremios varios', 'es'),
  (11, 'Gremio anitz', 'eu'),
  (12, 'Oficina', 'es'),
  (12, 'Bulegokoa', 'eu');

TRUNCATE TABLE azpimota;
INSERT INTO `azpimota` (`id`, `mota_id`) VALUES
  (1, 1),
  (2, 1),
  (3, 1),
  (4, 1),
  (5, 1),
  (6, 1),
  (7, 1),
  (8, 2),
  (9, 2),
  (10, 2),
  (11, 2),
  (12, 2),
  (13, 3),
  (14, 3),
  (15, 3),
  (16, 3),
  (17, 3),
  (18, 4),
  (19, 4),
  (20, 4),
  (21, 4),
  (22, 4),
  (23, 4),
  (24, 4),
  (25, 5),
  (26, 5),
  (27, 5),
  (28, 5),
  (29, 5),
  (30, 5),
  (31, 6),
  (32, 6),
  (33, 6),
  (34, 6),
  (35, 6),
  (36, 7),
  (37, 7),
  (38, 7),
  (39, 7),
  (40, 8),
  (41, 8),
  (42, 8),
  (43, 8),
  (44, 8),
  (45, 8),
  (46, 9),
  (47, 9),
  (48, 9),
  (49, 10),
  (50, 10),
  (51, 10),
  (52, 10),
  (53, 11),
  (54, 12);

TRUNCATE TABLE azpimota_translation;
INSERT INTO `azpimota_translation` (`id`, `izena`, `lang`) VALUES
  (1, 'Alumbrado de calles', 'es'),
  (1, 'Kaleko argiteria', 'eu'),
  (2, 'Alumbrado de edificios municipales', 'es'),
  (2, 'Udal eraikinetako argiteria', 'eu'),
  (3, 'Nueva instalación', 'es'),
  (3, 'Instalazio berria', 'eu'),
  (4, 'Avería eléctrica', 'es'),
  (4, 'Matxura elektrikoa', 'eu'),
  (5, 'Instalaciones eléctricas provisionales', 'es'),
  (5, 'Behin behineko argindarra', 'eu'),
  (6, 'Gestión administrativa', 'es'),
  (6, 'Kudeaketa administratiboa', 'eu'),
  (7, 'Electricidad – otros', 'es'),
  (7, 'Elektrizitatea - besteak', 'eu'),
  (8, 'Pintado de mobiliario y construcciones urbanas', 'es'),
  (8, 'Kaleko altzari eta eraikinen margoketak', 'eu'),
  (9, 'Pintado de edificios municipales', 'es'),
  (9, 'Udal eraikinetako margoketak', 'eu'),
  (10, 'Pintados dependientes de Tráfico', 'es'),
  (10, 'Trafikoko margoketak', 'eu'),
  (11, 'Carteles – Rótulos', 'es'),
  (11, 'Kartelak-errotuluak', 'eu'),
  (12, 'Pintura – Otros', 'es'),
  (12, 'Margolaria - besteak', 'eu'),
  (13, 'Tráfico (señales, pivotes, etc.)', 'es'),
  (13, 'Trafikoa (seinaleak, piboteak, etab.)', 'eu'),
  (14, 'Mobiliario urbano', 'es'),
  (14, 'Kaleko altzariak', 'eu'),
  (15, 'Mobiliario edificios municipales', 'es'),
  (15, 'Udal eraikinetako altzariak', 'eu'),
  (16, 'Cerraduras', 'es'),
  (16, 'Zerrailak', 'eu'),
  (17, 'Carpinteria – Otros', 'es'),
  (17, 'Arotza - besteak', 'eu'),
  (18, 'Alcantarillado', 'es'),
  (18, 'Estolderia', 'eu'),
  (19, 'Fugas de agua', 'es'),
  (19, 'Ur-galerak', 'eu'),
  (20, 'Falta de presión', 'es'),
  (20, 'Presio falta', 'eu'),
  (21, 'Falta de agua', 'es'),
  (21, 'Ur falta', 'eu'),
  (22, 'Tomas de agua provisionales', 'es'),
  (22, 'Behin behineko ur hartunea', 'eu'),
  (23, 'Gestión administrativa', 'es'),
  (23, 'Kudeaketa administratiboa', 'eu'),
  (24, 'Agua – Otros', 'es'),
  (24, 'Ura - besteak', 'eu'),
  (25, 'Limpieza de calles', 'es'),
  (25, 'Kaleko Garbiketa', 'eu'),
  (26, 'Limpieza de edificios municipales', 'es'),
  (26, 'Udal eraikinetako Garbiketa', 'eu'),
  (27, 'Pintadas', 'es'),
  (27, 'Pintadak', 'eu'),
  (28, 'Contenedores', 'es'),
  (28, 'Kontainerrak', 'eu'),
  (29, 'Papeleras', 'es'),
  (29, 'Paperontziak', 'eu'),
  (30, 'Limpieza – Otros', 'es'),
  (30, 'Garbiketa - besteak', 'eu'),
  (31, 'Podas', 'es'),
  (31, 'Kimaketak', 'eu'),
  (32, 'Cortes', 'es'),
  (32, 'Mozketak', 'eu'),
  (33, 'Limpieza y decoración', 'es'),
  (33, 'Garbiketak eta apainketak', 'eu'),
  (34, 'Plantación', 'es'),
  (34, 'Landaketa', 'eu'),
  (35, 'Cuidado de montes – Otros', 'es'),
  (35, 'Mendizaintza - besteak', 'eu'),
  (36, 'Mantenimiento de contenedores', 'es'),
  (36, 'Edukiontzien mantenua', 'eu'),
  (37, 'Recogida de mobiliario', 'es'),
  (37, 'Altzari jasoketa bereziak', 'eu'),
  (38, 'Gestión de averías en vehículos', 'es'),
  (38, 'Ibilgailuen matxuren kudeaketa', 'eu'),
  (39, 'Mantenimiento – Otros', 'es'),
  (39, 'Mantentzea - besteak', 'eu'),
  (40, 'Ratas', 'es'),
  (40, 'Xaguak', 'eu'),
  (41, 'Perros', 'es'),
  (41, 'Txakurrak', 'eu'),
  (42, 'Gatos', 'es'),
  (42, 'Katuak', 'eu'),
  (43, 'Cucarachas', 'es'),
  (43, 'Labe-zomorroak', 'eu'),
  (44, 'Abejas y Avispas', 'es'),
  (44, 'Listor eta erleak', 'eu'),
  (45, 'Animales – Otros', 'es'),
  (45, 'Animaliak - besteak', 'eu'),
  (46, 'Agujeros en carreteras', 'es'),
  (46, 'Errepidean zuloak', 'eu'),
  (47, 'Trabajos de alcantarillado', 'es'),
  (47, 'Estolderiako lanak', 'eu'),
  (48, 'Albañileria – Otros', 'es'),
  (48, 'igeltsaria, besteak', 'eu'),
  (49, 'Tablados', 'es'),
  (49, 'Oholtzak', 'eu'),
  (50, 'Vallados', 'es'),
  (50, 'Hesiak', 'eu'),
  (51, 'Otras peticiones de material', 'es'),
  (51, 'Bestelako material eskaera', 'eu'),
  (52, 'Transporte – Otros', 'es'),
  (52, 'Garraioak - besteak', 'eu'),
  (53, 'Gremios – Otros', 'es'),
  (53, 'Gremio anitz - besteak', 'eu'),
  (54, 'Oficina', 'es'),
  (54, 'Bulegokoa - besteak', 'eu');

SET foreign_key_checks = 1;
